file_name,file_path,suffix,SPAM_Crop,Crop,Technology_Suffix,Technology
spam2020_V2r0_global_Y_BANA_A.tif,"C:\Users\loyola\OneDrive - World Wildlife Fund, Inc\Documents\203. Python projects\Ecoregions CFs\data\crops\spam2020V2r0_global_yield\spam2020_V2r0_global_Y_BANA_A.tif",.tif,BANA,Banana,A,All
spam2020_V2r0_global_Y_BANA_I.tif,"C:\Users\loyola\OneDrive - World Wildlife Fund, Inc\Documents\203. Python projects\Ecoregions CFs\data\crops\spam2020V2r0_global_yield\spam2020_V2r0_global_Y_BANA_I.tif",.tif,BANA,Banana,I,Irrigated
spam2020_V2r0_global_Y_BANA_R.tif,"C:\Users\loyola\OneDrive - World Wildlife Fund, Inc\Documents\203. Python projects\Ecoregions CFs\data\crops\spam2020V2r0_global_yield\spam2020_V2r0_global_Y_BANA_R.tif",.tif,BANA,Banana,R,Rainfed
spam2020_V2r0_global_Y_BARL_A.tif,"C:\Users\loyola\OneDrive - World Wildlife Fund, Inc\Documents\203. Python projects\Ecoregions CFs\data\crops\spam2020V2r0_global_yield\spam2020_V2r0_global_Y_BARL_A.tif",.tif,BARL,Barley,A,All
spam2020_V2r0_global_Y_BARL_I.tif,"C:\Users\loyola\OneDrive - World Wildlife Fund, Inc\Documents\203. Python projects\Ecoregions CFs\data\crops\spam2020V2r0_global_yield\spam2020_V2r0_global_Y_BARL_I.tif",.tif,BARL,Barley,I,Irrigated
spam2020_V2r0_global_Y_BARL_R.tif,"C:\Users\loyola\OneDrive - World Wildlife Fund, Inc\Documents\203. Python projects\Ecoregions CFs\data\crops\spam2020V2r0_global_yield\spam2020_V2r0_global_Y_BARL_R.tif",.tif,BARL,Barley,R,Rainfed
spam2020_V2r0_global_Y_BEAN_A.tif,"C:\Users\loyola\OneDrive - World Wildlife Fund, Inc\Documents\203. Python projects\Ecoregions CFs\data\crops\spam2020V2r0_global_yield\spam2020_V2r0_global_Y_BEAN_A.tif",.tif,BEAN,Bean,A,All
spam2020_V2r0_global_Y_BEAN_I.tif,"C:\Users\loyola\OneDrive - World Wildlife Fund, Inc\Documents\203. Python projects\Ecoregions CFs\data\crops\spam2020V2r0_global_yield\spam2020_V2r0_global_Y_BEAN_I.tif",.tif,BEAN,Bean,I,Irrigated
spam2020_V2r0_global_Y_BEAN_R.tif,"C:\Users\loyola\OneDrive - World Wildlife Fund, Inc\Documents\203. Python projects\Ecoregions CFs\data\crops\spam2020V2r0_global_yield\spam2020_V2r0_global_Y_BEAN_R.tif",.tif,BEAN,Bean,R,Rainfed
spam2020_V2r0_global_Y_CASS_A.tif,"C:\Users\loyola\OneDrive - World Wildlife Fund, Inc\Documents\203. Python projects\Ecoregions CFs\data\crops\spam2020V2r0_global_yield\spam2020_V2r0_global_Y_CASS_A.tif",.tif,CASS,Cassava,A,All
spam2020_V2r0_global_Y_CASS_I.tif,"C:\Users\loyola\OneDrive - World Wildlife Fund, Inc\Documents\203. Python projects\Ecoregions CFs\data\crops\spam2020V2r0_global_yield\spam2020_V2r0_global_Y_CASS_I.tif",.tif,CASS,Cassava,I,Irrigated
spam2020_V2r0_global_Y_CASS_R.tif,"C:\Users\loyola\OneDrive - World Wildlife Fund, Inc\Documents\203. Python projects\Ecoregions CFs\data\crops\spam2020V2r0_global_yield\spam2020_V2r0_global_Y_CASS_R.tif",.tif,CASS,Cassava,R,Rainfed
spam2020_V2r0_global_Y_CHIC_A.tif,"C:\Users\loyola\OneDrive - World Wildlife Fund, Inc\Documents\203. Python projects\Ecoregions CFs\data\crops\spam2020V2r0_global_yield\spam2020_V2r0_global_Y_CHIC_A.tif",.tif,CHIC,Chickpea,A,All
spam2020_V2r0_global_Y_CHIC_I.tif,"C:\Users\loyola\OneDrive - World Wildlife Fund, Inc\Documents\203. Python projects\Ecoregions CFs\data\crops\spam2020V2r0_global_yield\spam2020_V2r0_global_Y_CHIC_I.tif",.tif,CHIC,Chickpea,I,Irrigated
spam2020_V2r0_global_Y_CHIC_R.tif,"C:\Users\loyola\OneDrive - World Wildlife Fund, Inc\Documents\203. Python projects\Ecoregions CFs\data\crops\spam2020V2r0_global_yield\spam2020_V2r0_global_Y_CHIC_R.tif",.tif,CHIC,Chickpea,R,Rainfed
spam2020_V2r0_global_Y_CITR_A.tif,"C:\Users\loyola\OneDrive - World Wildlife Fund, Inc\Documents\203. Python projects\Ecoregions CFs\data\crops\spam2020V2r0_global_yield\spam2020_V2r0_global_Y_CITR_A.tif",.tif,CITR,Citrus,A,All
spam2020_V2r0_global_Y_CITR_I.tif,"C:\Users\loyola\OneDrive - World Wildlife Fund, Inc\Documents\203. Python projects\Ecoregions CFs\data\crops\spam2020V2r0_global_yield\spam2020_V2r0_global_Y_CITR_I.tif",.tif,CITR,Citrus,I,Irrigated
spam2020_V2r0_global_Y_CITR_R.tif,"C:\Users\loyola\OneDrive - World Wildlife Fund, Inc\Documents\203. Python projects\Ecoregions CFs\data\crops\spam2020V2r0_global_yield\spam2020_V2r0_global_Y_CITR_R.tif",.tif,CITR,Citrus,R,Rainfed
spam2020_V2r0_global_Y_CNUT_A.tif,"C:\Users\loyola\OneDrive - World Wildlife Fund, Inc\Documents\203. Python projects\Ecoregions CFs\data\crops\spam2020V2r0_global_yield\spam2020_V2r0_global_Y_CNUT_A.tif",.tif,CNUT,Coconut,A,All
spam2020_V2r0_global_Y_CNUT_I.tif,"C:\Users\loyola\OneDrive - World Wildlife Fund, Inc\Documents\203. Python projects\Ecoregions CFs\data\crops\spam2020V2r0_global_yield\spam2020_V2r0_global_Y_CNUT_I.tif",.tif,CNUT,Coconut,I,Irrigated
spam2020_V2r0_global_Y_CNUT_R.tif,"C:\Users\loyola\OneDrive - World Wildlife Fund, Inc\Documents\203. Python projects\Ecoregions CFs\data\crops\spam2020V2r0_global_yield\spam2020_V2r0_global_Y_CNUT_R.tif",.tif,CNUT,Coconut,R,Rainfed
spam2020_V2r0_global_Y_COCO_A.tif,"C:\Users\loyola\OneDrive - World Wildlife Fund, Inc\Documents\203. Python projects\Ecoregions CFs\data\crops\spam2020V2r0_global_yield\spam2020_V2r0_global_Y_COCO_A.tif",.tif,COCO,Cocoa,A,All
spam2020_V2r0_global_Y_COCO_I.tif,"C:\Users\loyola\OneDrive - World Wildlife Fund, Inc\Documents\203. Python projects\Ecoregions CFs\data\crops\spam2020V2r0_global_yield\spam2020_V2r0_global_Y_COCO_I.tif",.tif,COCO,Cocoa,I,Irrigated
spam2020_V2r0_global_Y_COCO_R.tif,"C:\Users\loyola\OneDrive - World Wildlife Fund, Inc\Documents\203. Python projects\Ecoregions CFs\data\crops\spam2020V2r0_global_yield\spam2020_V2r0_global_Y_COCO_R.tif",.tif,COCO,Cocoa,R,Rainfed
spam2020_V2r0_global_Y_COFF_A.tif,"C:\Users\loyola\OneDrive - World Wildlife Fund, Inc\Documents\203. Python projects\Ecoregions CFs\data\crops\spam2020V2r0_global_yield\spam2020_V2r0_global_Y_COFF_A.tif",.tif,COFF,Arabic Coffee,A,All
spam2020_V2r0_global_Y_COFF_I.tif,"C:\Users\loyola\OneDrive - World Wildlife Fund, Inc\Documents\203. Python projects\Ecoregions CFs\data\crops\spam2020V2r0_global_yield\spam2020_V2r0_global_Y_COFF_I.tif",.tif,COFF,Arabic Coffee,I,Irrigated
spam2020_V2r0_global_Y_COFF_R.tif,"C:\Users\loyola\OneDrive - World Wildlife Fund, Inc\Documents\203. Python projects\Ecoregions CFs\data\crops\spam2020V2r0_global_yield\spam2020_V2r0_global_Y_COFF_R.tif",.tif,COFF,Arabic Coffee,R,Rainfed
spam2020_V2r0_global_Y_COTT_A.tif,"C:\Users\loyola\OneDrive - World Wildlife Fund, Inc\Documents\203. Python projects\Ecoregions CFs\data\crops\spam2020V2r0_global_yield\spam2020_V2r0_global_Y_COTT_A.tif",.tif,COTT,Cotton,A,All
spam2020_V2r0_global_Y_COTT_I.tif,"C:\Users\loyola\OneDrive - World Wildlife Fund, Inc\Documents\203. Python projects\Ecoregions CFs\data\crops\spam2020V2r0_global_yield\spam2020_V2r0_global_Y_COTT_I.tif",.tif,COTT,Cotton,I,Irrigated
spam2020_V2r0_global_Y_COTT_R.tif,"C:\Users\loyola\OneDrive - World Wildlife Fund, Inc\Documents\203. Python projects\Ecoregions CFs\data\crops\spam2020V2r0_global_yield\spam2020_V2r0_global_Y_COTT_R.tif",.tif,COTT,Cotton,R,Rainfed
spam2020_V2r0_global_Y_COWP_A.tif,"C:\Users\loyola\OneDrive - World Wildlife Fund, Inc\Documents\203. Python projects\Ecoregions CFs\data\crops\spam2020V2r0_global_yield\spam2020_V2r0_global_Y_COWP_A.tif",.tif,COWP,Cowpea,A,All
spam2020_V2r0_global_Y_COWP_I.tif,"C:\Users\loyola\OneDrive - World Wildlife Fund, Inc\Documents\203. Python projects\Ecoregions CFs\data\crops\spam2020V2r0_global_yield\spam2020_V2r0_global_Y_COWP_I.tif",.tif,COWP,Cowpea,I,Irrigated
spam2020_V2r0_global_Y_COWP_R.tif,"C:\Users\loyola\OneDrive - World Wildlife Fund, Inc\Documents\203. Python projects\Ecoregions CFs\data\crops\spam2020V2r0_global_yield\spam2020_V2r0_global_Y_COWP_R.tif",.tif,COWP,Cowpea,R,Rainfed
spam2020_V2r0_global_Y_GROU_A.tif,"C:\Users\loyola\OneDrive - World Wildlife Fund, Inc\Documents\203. Python projects\Ecoregions CFs\data\crops\spam2020V2r0_global_yield\spam2020_V2r0_global_Y_GROU_A.tif",.tif,GROU,Groundnut,A,All
spam2020_V2r0_global_Y_GROU_I.tif,"C:\Users\loyola\OneDrive - World Wildlife Fund, Inc\Documents\203. Python projects\Ecoregions CFs\data\crops\spam2020V2r0_global_yield\spam2020_V2r0_global_Y_GROU_I.tif",.tif,GROU,Groundnut,I,Irrigated
spam2020_V2r0_global_Y_GROU_R.tif,"C:\Users\loyola\OneDrive - World Wildlife Fund, Inc\Documents\203. Python projects\Ecoregions CFs\data\crops\spam2020V2r0_global_yield\spam2020_V2r0_global_Y_GROU_R.tif",.tif,GROU,Groundnut,R,Rainfed
spam2020_V2r0_global_Y_LENT_A.tif,"C:\Users\loyola\OneDrive - World Wildlife Fund, Inc\Documents\203. Python projects\Ecoregions CFs\data\crops\spam2020V2r0_global_yield\spam2020_V2r0_global_Y_LENT_A.tif",.tif,LENT,Lentil,A,All
spam2020_V2r0_global_Y_LENT_I.tif,"C:\Users\loyola\OneDrive - World Wildlife Fund, Inc\Documents\203. Python projects\Ecoregions CFs\data\crops\spam2020V2r0_global_yield\spam2020_V2r0_global_Y_LENT_I.tif",.tif,LENT,Lentil,I,Irrigated
spam2020_V2r0_global_Y_LENT_R.tif,"C:\Users\loyola\OneDrive - World Wildlife Fund, Inc\Documents\203. Python projects\Ecoregions CFs\data\crops\spam2020V2r0_global_yield\spam2020_V2r0_global_Y_LENT_R.tif",.tif,LENT,Lentil,R,Rainfed
spam2020_V2r0_global_Y_MAIZ_A.tif,"C:\Users\loyola\OneDrive - World Wildlife Fund, Inc\Documents\203. Python projects\Ecoregions CFs\data\crops\spam2020V2r0_global_yield\spam2020_V2r0_global_Y_MAIZ_A.tif",.tif,MAIZ,Maize,A,All
spam2020_V2r0_global_Y_MAIZ_I.tif,"C:\Users\loyola\OneDrive - World Wildlife Fund, Inc\Documents\203. Python projects\Ecoregions CFs\data\crops\spam2020V2r0_global_yield\spam2020_V2r0_global_Y_MAIZ_I.tif",.tif,MAIZ,Maize,I,Irrigated
spam2020_V2r0_global_Y_MAIZ_R.tif,"C:\Users\loyola\OneDrive - World Wildlife Fund, Inc\Documents\203. Python projects\Ecoregions CFs\data\crops\spam2020V2r0_global_yield\spam2020_V2r0_global_Y_MAIZ_R.tif",.tif,MAIZ,Maize,R,Rainfed
spam2020_V2r0_global_Y_MILL_A.tif,"C:\Users\loyola\OneDrive - World Wildlife Fund, Inc\Documents\203. Python projects\Ecoregions CFs\data\crops\spam2020V2r0_global_yield\spam2020_V2r0_global_Y_MILL_A.tif",.tif,MILL,Small Millet,A,All
spam2020_V2r0_global_Y_MILL_I.tif,"C:\Users\loyola\OneDrive - World Wildlife Fund, Inc\Documents\203. Python projects\Ecoregions CFs\data\crops\spam2020V2r0_global_yield\spam2020_V2r0_global_Y_MILL_I.tif",.tif,MILL,Small Millet,I,Irrigated
spam2020_V2r0_global_Y_MILL_R.tif,"C:\Users\loyola\OneDrive - World Wildlife Fund, Inc\Documents\203. Python projects\Ecoregions CFs\data\crops\spam2020V2r0_global_yield\spam2020_V2r0_global_Y_MILL_R.tif",.tif,MILL,Small Millet,R,Rainfed
spam2020_V2r0_global_Y_OCER_A.tif,"C:\Users\loyola\OneDrive - World Wildlife Fund, Inc\Documents\203. Python projects\Ecoregions CFs\data\crops\spam2020V2r0_global_yield\spam2020_V2r0_global_Y_OCER_A.tif",.tif,OCER,Other Cereals,A,All
spam2020_V2r0_global_Y_OCER_I.tif,"C:\Users\loyola\OneDrive - World Wildlife Fund, Inc\Documents\203. Python projects\Ecoregions CFs\data\crops\spam2020V2r0_global_yield\spam2020_V2r0_global_Y_OCER_I.tif",.tif,OCER,Other Cereals,I,Irrigated
spam2020_V2r0_global_Y_OCER_R.tif,"C:\Users\loyola\OneDrive - World Wildlife Fund, Inc\Documents\203. Python projects\Ecoregions CFs\data\crops\spam2020V2r0_global_yield\spam2020_V2r0_global_Y_OCER_R.tif",.tif,OCER,Other Cereals,R,Rainfed
spam2020_V2r0_global_Y_OFIB_A.tif,"C:\Users\loyola\OneDrive - World Wildlife Fund, Inc\Documents\203. Python projects\Ecoregions CFs\data\crops\spam2020V2r0_global_yield\spam2020_V2r0_global_Y_OFIB_A.tif",.tif,OFIB,Other Fibre Crops,A,All
spam2020_V2r0_global_Y_OFIB_I.tif,"C:\Users\loyola\OneDrive - World Wildlife Fund, Inc\Documents\203. Python projects\Ecoregions CFs\data\crops\spam2020V2r0_global_yield\spam2020_V2r0_global_Y_OFIB_I.tif",.tif,OFIB,Other Fibre Crops,I,Irrigated
spam2020_V2r0_global_Y_OFIB_R.tif,"C:\Users\loyola\OneDrive - World Wildlife Fund, Inc\Documents\203. Python projects\Ecoregions CFs\data\crops\spam2020V2r0_global_yield\spam2020_V2r0_global_Y_OFIB_R.tif",.tif,OFIB,Other Fibre Crops,R,Rainfed
spam2020_V2r0_global_Y_OILP_A.tif,"C:\Users\loyola\OneDrive - World Wildlife Fund, Inc\Documents\203. Python projects\Ecoregions CFs\data\crops\spam2020V2r0_global_yield\spam2020_V2r0_global_Y_OILP_A.tif",.tif,OILP,Oilpalm,A,All
spam2020_V2r0_global_Y_OILP_I.tif,"C:\Users\loyola\OneDrive - World Wildlife Fund, Inc\Documents\203. Python projects\Ecoregions CFs\data\crops\spam2020V2r0_global_yield\spam2020_V2r0_global_Y_OILP_I.tif",.tif,OILP,Oilpalm,I,Irrigated
spam2020_V2r0_global_Y_OILP_R.tif,"C:\Users\loyola\OneDrive - World Wildlife Fund, Inc\Documents\203. Python projects\Ecoregions CFs\data\crops\spam2020V2r0_global_yield\spam2020_V2r0_global_Y_OILP_R.tif",.tif,OILP,Oilpalm,R,Rainfed
spam2020_V2r0_global_Y_ONIO_A.tif,"C:\Users\loyola\OneDrive - World Wildlife Fund, Inc\Documents\203. Python projects\Ecoregions CFs\data\crops\spam2020V2r0_global_yield\spam2020_V2r0_global_Y_ONIO_A.tif",.tif,ONIO,Onion,A,All
spam2020_V2r0_global_Y_ONIO_I.tif,"C:\Users\loyola\OneDrive - World Wildlife Fund, Inc\Documents\203. Python projects\Ecoregions CFs\data\crops\spam2020V2r0_global_yield\spam2020_V2r0_global_Y_ONIO_I.tif",.tif,ONIO,Onion,I,Irrigated
spam2020_V2r0_global_Y_ONIO_R.tif,"C:\Users\loyola\OneDrive - World Wildlife Fund, Inc\Documents\203. Python projects\Ecoregions CFs\data\crops\spam2020V2r0_global_yield\spam2020_V2r0_global_Y_ONIO_R.tif",.tif,ONIO,Onion,R,Rainfed
spam2020_V2r0_global_Y_OOIL_A.tif,"C:\Users\loyola\OneDrive - World Wildlife Fund, Inc\Documents\203. Python projects\Ecoregions CFs\data\crops\spam2020V2r0_global_yield\spam2020_V2r0_global_Y_OOIL_A.tif",.tif,OOIL,Other Oil Crops,A,All
spam2020_V2r0_global_Y_OOIL_I.tif,"C:\Users\loyola\OneDrive - World Wildlife Fund, Inc\Documents\203. Python projects\Ecoregions CFs\data\crops\spam2020V2r0_global_yield\spam2020_V2r0_global_Y_OOIL_I.tif",.tif,OOIL,Other Oil Crops,I,Irrigated
spam2020_V2r0_global_Y_OOIL_R.tif,"C:\Users\loyola\OneDrive - World Wildlife Fund, Inc\Documents\203. Python projects\Ecoregions CFs\data\crops\spam2020V2r0_global_yield\spam2020_V2r0_global_Y_OOIL_R.tif",.tif,OOIL,Other Oil Crops,R,Rainfed
spam2020_V2r0_global_Y_OPUL_A.tif,"C:\Users\loyola\OneDrive - World Wildlife Fund, Inc\Documents\203. Python projects\Ecoregions CFs\data\crops\spam2020V2r0_global_yield\spam2020_V2r0_global_Y_OPUL_A.tif",.tif,OPUL,Other Pulses,A,All
spam2020_V2r0_global_Y_OPUL_I.tif,"C:\Users\loyola\OneDrive - World Wildlife Fund, Inc\Documents\203. Python projects\Ecoregions CFs\data\crops\spam2020V2r0_global_yield\spam2020_V2r0_global_Y_OPUL_I.tif",.tif,OPUL,Other Pulses,I,Irrigated
spam2020_V2r0_global_Y_OPUL_R.tif,"C:\Users\loyola\OneDrive - World Wildlife Fund, Inc\Documents\203. Python projects\Ecoregions CFs\data\crops\spam2020V2r0_global_yield\spam2020_V2r0_global_Y_OPUL_R.tif",.tif,OPUL,Other Pulses,R,Rainfed
spam2020_V2r0_global_Y_ORTS_A.tif,"C:\Users\loyola\OneDrive - World Wildlife Fund, Inc\Documents\203. Python projects\Ecoregions CFs\data\crops\spam2020V2r0_global_yield\spam2020_V2r0_global_Y_ORTS_A.tif",.tif,ORTS,Other Roots,A,All
spam2020_V2r0_global_Y_ORTS_I.tif,"C:\Users\loyola\OneDrive - World Wildlife Fund, Inc\Documents\203. Python projects\Ecoregions CFs\data\crops\spam2020V2r0_global_yield\spam2020_V2r0_global_Y_ORTS_I.tif",.tif,ORTS,Other Roots,I,Irrigated
spam2020_V2r0_global_Y_ORTS_R.tif,"C:\Users\loyola\OneDrive - World Wildlife Fund, Inc\Documents\203. Python projects\Ecoregions CFs\data\crops\spam2020V2r0_global_yield\spam2020_V2r0_global_Y_ORTS_R.tif",.tif,ORTS,Other Roots,R,Rainfed
spam2020_V2r0_global_Y_PIGE_A.tif,"C:\Users\loyola\OneDrive - World Wildlife Fund, Inc\Documents\203. Python projects\Ecoregions CFs\data\crops\spam2020V2r0_global_yield\spam2020_V2r0_global_Y_PIGE_A.tif",.tif,PIGE,Pigeon Pea,A,All
spam2020_V2r0_global_Y_PIGE_I.tif,"C:\Users\loyola\OneDrive - World Wildlife Fund, Inc\Documents\203. Python projects\Ecoregions CFs\data\crops\spam2020V2r0_global_yield\spam2020_V2r0_global_Y_PIGE_I.tif",.tif,PIGE,Pigeon Pea,I,Irrigated
spam2020_V2r0_global_Y_PIGE_R.tif,"C:\Users\loyola\OneDrive - World Wildlife Fund, Inc\Documents\203. Python projects\Ecoregions CFs\data\crops\spam2020V2r0_global_yield\spam2020_V2r0_global_Y_PIGE_R.tif",.tif,PIGE,Pigeon Pea,R,Rainfed
spam2020_V2r0_global_Y_PLNT_A.tif,"C:\Users\loyola\OneDrive - World Wildlife Fund, Inc\Documents\203. Python projects\Ecoregions CFs\data\crops\spam2020V2r0_global_yield\spam2020_V2r0_global_Y_PLNT_A.tif",.tif,PLNT,Plantain,A,All
spam2020_V2r0_global_Y_PLNT_I.tif,"C:\Users\loyola\OneDrive - World Wildlife Fund, Inc\Documents\203. Python projects\Ecoregions CFs\data\crops\spam2020V2r0_global_yield\spam2020_V2r0_global_Y_PLNT_I.tif",.tif,PLNT,Plantain,I,Irrigated
spam2020_V2r0_global_Y_PLNT_R.tif,"C:\Users\loyola\OneDrive - World Wildlife Fund, Inc\Documents\203. Python projects\Ecoregions CFs\data\crops\spam2020V2r0_global_yield\spam2020_V2r0_global_Y_PLNT_R.tif",.tif,PLNT,Plantain,R,Rainfed
spam2020_V2r0_global_Y_PMIL_A.tif,"C:\Users\loyola\OneDrive - World Wildlife Fund, Inc\Documents\203. Python projects\Ecoregions CFs\data\crops\spam2020V2r0_global_yield\spam2020_V2r0_global_Y_PMIL_A.tif",.tif,PMIL,Pearl Millet,A,All
spam2020_V2r0_global_Y_PMIL_I.tif,"C:\Users\loyola\OneDrive - World Wildlife Fund, Inc\Documents\203. Python projects\Ecoregions CFs\data\crops\spam2020V2r0_global_yield\spam2020_V2r0_global_Y_PMIL_I.tif",.tif,PMIL,Pearl Millet,I,Irrigated
spam2020_V2r0_global_Y_PMIL_R.tif,"C:\Users\loyola\OneDrive - World Wildlife Fund, Inc\Documents\203. Python projects\Ecoregions CFs\data\crops\spam2020V2r0_global_yield\spam2020_V2r0_global_Y_PMIL_R.tif",.tif,PMIL,Pearl Millet,R,Rainfed
spam2020_V2r0_global_Y_POTA_A.tif,"C:\Users\loyola\OneDrive - World Wildlife Fund, Inc\Documents\203. Python projects\Ecoregions CFs\data\crops\spam2020V2r0_global_yield\spam2020_V2r0_global_Y_POTA_A.tif",.tif,POTA,Potato,A,All
spam2020_V2r0_global_Y_POTA_I.tif,"C:\Users\loyola\OneDrive - World Wildlife Fund, Inc\Documents\203. Python projects\Ecoregions CFs\data\crops\spam2020V2r0_global_yield\spam2020_V2r0_global_Y_POTA_I.tif",.tif,POTA,Potato,I,Irrigated
spam2020_V2r0_global_Y_POTA_R.tif,"C:\Users\loyola\OneDrive - World Wildlife Fund, Inc\Documents\203. Python projects\Ecoregions CFs\data\crops\spam2020V2r0_global_yield\spam2020_V2r0_global_Y_POTA_R.tif",.tif,POTA,Potato,R,Rainfed
spam2020_V2r0_global_Y_RAPE_A.tif,"C:\Users\loyola\OneDrive - World Wildlife Fund, Inc\Documents\203. Python projects\Ecoregions CFs\data\crops\spam2020V2r0_global_yield\spam2020_V2r0_global_Y_RAPE_A.tif",.tif,RAPE,Rapeseed,A,All
spam2020_V2r0_global_Y_RAPE_I.tif,"C:\Users\loyola\OneDrive - World Wildlife Fund, Inc\Documents\203. Python projects\Ecoregions CFs\data\crops\spam2020V2r0_global_yield\spam2020_V2r0_global_Y_RAPE_I.tif",.tif,RAPE,Rapeseed,I,Irrigated
spam2020_V2r0_global_Y_RAPE_R.tif,"C:\Users\loyola\OneDrive - World Wildlife Fund, Inc\Documents\203. Python projects\Ecoregions CFs\data\crops\spam2020V2r0_global_yield\spam2020_V2r0_global_Y_RAPE_R.tif",.tif,RAPE,Rapeseed,R,Rainfed
spam2020_V2r0_global_Y_RCOF_A.tif,"C:\Users\loyola\OneDrive - World Wildlife Fund, Inc\Documents\203. Python projects\Ecoregions CFs\data\crops\spam2020V2r0_global_yield\spam2020_V2r0_global_Y_RCOF_A.tif",.tif,RCOF,Robust Coffee,A,All
spam2020_V2r0_global_Y_RCOF_I.tif,"C:\Users\loyola\OneDrive - World Wildlife Fund, Inc\Documents\203. Python projects\Ecoregions CFs\data\crops\spam2020V2r0_global_yield\spam2020_V2r0_global_Y_RCOF_I.tif",.tif,RCOF,Robust Coffee,I,Irrigated
spam2020_V2r0_global_Y_RCOF_R.tif,"C:\Users\loyola\OneDrive - World Wildlife Fund, Inc\Documents\203. Python projects\Ecoregions CFs\data\crops\spam2020V2r0_global_yield\spam2020_V2r0_global_Y_RCOF_R.tif",.tif,RCOF,Robust Coffee,R,Rainfed
spam2020_V2r0_global_Y_REST_A.tif,"C:\Users\loyola\OneDrive - World Wildlife Fund, Inc\Documents\203. Python projects\Ecoregions CFs\data\crops\spam2020V2r0_global_yield\spam2020_V2r0_global_Y_REST_A.tif",.tif,REST,Rest Of Crops,A,All
spam2020_V2r0_global_Y_REST_I.tif,"C:\Users\loyola\OneDrive - World Wildlife Fund, Inc\Documents\203. Python projects\Ecoregions CFs\data\crops\spam2020V2r0_global_yield\spam2020_V2r0_global_Y_REST_I.tif",.tif,REST,Rest Of Crops,I,Irrigated
spam2020_V2r0_global_Y_REST_R.tif,"C:\Users\loyola\OneDrive - World Wildlife Fund, Inc\Documents\203. Python projects\Ecoregions CFs\data\crops\spam2020V2r0_global_yield\spam2020_V2r0_global_Y_REST_R.tif",.tif,REST,Rest Of Crops,R,Rainfed
spam2020_V2r0_global_Y_RICE_A.tif,"C:\Users\loyola\OneDrive - World Wildlife Fund, Inc\Documents\203. Python projects\Ecoregions CFs\data\crops\spam2020V2r0_global_yield\spam2020_V2r0_global_Y_RICE_A.tif",.tif,RICE,Rice,A,All
spam2020_V2r0_global_Y_RICE_I.tif,"C:\Users\loyola\OneDrive - World Wildlife Fund, Inc\Documents\203. Python projects\Ecoregions CFs\data\crops\spam2020V2r0_global_yield\spam2020_V2r0_global_Y_RICE_I.tif",.tif,RICE,Rice,I,Irrigated
spam2020_V2r0_global_Y_RICE_R.tif,"C:\Users\loyola\OneDrive - World Wildlife Fund, Inc\Documents\203. Python projects\Ecoregions CFs\data\crops\spam2020V2r0_global_yield\spam2020_V2r0_global_Y_RICE_R.tif",.tif,RICE,Rice,R,Rainfed
spam2020_V2r0_global_Y_RUBB_A.tif,"C:\Users\loyola\OneDrive - World Wildlife Fund, Inc\Documents\203. Python projects\Ecoregions CFs\data\crops\spam2020V2r0_global_yield\spam2020_V2r0_global_Y_RUBB_A.tif",.tif,RUBB,Rubber,A,All
spam2020_V2r0_global_Y_RUBB_I.tif,"C:\Users\loyola\OneDrive - World Wildlife Fund, Inc\Documents\203. Python projects\Ecoregions CFs\data\crops\spam2020V2r0_global_yield\spam2020_V2r0_global_Y_RUBB_I.tif",.tif,RUBB,Rubber,I,Irrigated
spam2020_V2r0_global_Y_RUBB_R.tif,"C:\Users\loyola\OneDrive - World Wildlife Fund, Inc\Documents\203. Python projects\Ecoregions CFs\data\crops\spam2020V2r0_global_yield\spam2020_V2r0_global_Y_RUBB_R.tif",.tif,RUBB,Rubber,R,Rainfed
spam2020_V2r0_global_Y_SESA_A.tif,"C:\Users\loyola\OneDrive - World Wildlife Fund, Inc\Documents\203. Python projects\Ecoregions CFs\data\crops\spam2020V2r0_global_yield\spam2020_V2r0_global_Y_SESA_A.tif",.tif,SESA,Sesame Seed,A,All
spam2020_V2r0_global_Y_SESA_I.tif,"C:\Users\loyola\OneDrive - World Wildlife Fund, Inc\Documents\203. Python projects\Ecoregions CFs\data\crops\spam2020V2r0_global_yield\spam2020_V2r0_global_Y_SESA_I.tif",.tif,SESA,Sesame Seed,I,Irrigated
spam2020_V2r0_global_Y_SESA_R.tif,"C:\Users\loyola\OneDrive - World Wildlife Fund, Inc\Documents\203. Python projects\Ecoregions CFs\data\crops\spam2020V2r0_global_yield\spam2020_V2r0_global_Y_SESA_R.tif",.tif,SESA,Sesame Seed,R,Rainfed
spam2020_V2r0_global_Y_SORG_A.tif,"C:\Users\loyola\OneDrive - World Wildlife Fund, Inc\Documents\203. Python projects\Ecoregions CFs\data\crops\spam2020V2r0_global_yield\spam2020_V2r0_global_Y_SORG_A.tif",.tif,SORG,Sorghum,A,All
spam2020_V2r0_global_Y_SORG_I.tif,"C:\Users\loyola\OneDrive - World Wildlife Fund, Inc\Documents\203. Python projects\Ecoregions CFs\data\crops\spam2020V2r0_global_yield\spam2020_V2r0_global_Y_SORG_I.tif",.tif,SORG,Sorghum,I,Irrigated
spam2020_V2r0_global_Y_SORG_R.tif,"C:\Users\loyola\OneDrive - World Wildlife Fund, Inc\Documents\203. Python projects\Ecoregions CFs\data\crops\spam2020V2r0_global_yield\spam2020_V2r0_global_Y_SORG_R.tif",.tif,SORG,Sorghum,R,Rainfed
spam2020_V2r0_global_Y_SOYB_A.tif,"C:\Users\loyola\OneDrive - World Wildlife Fund, Inc\Documents\203. Python projects\Ecoregions CFs\data\crops\spam2020V2r0_global_yield\spam2020_V2r0_global_Y_SOYB_A.tif",.tif,SOYB,Soybean,A,All
spam2020_V2r0_global_Y_SOYB_I.tif,"C:\Users\loyola\OneDrive - World Wildlife Fund, Inc\Documents\203. Python projects\Ecoregions CFs\data\crops\spam2020V2r0_global_yield\spam2020_V2r0_global_Y_SOYB_I.tif",.tif,SOYB,Soybean,I,Irrigated
spam2020_V2r0_global_Y_SOYB_R.tif,"C:\Users\loyola\OneDrive - World Wildlife Fund, Inc\Documents\203. Python projects\Ecoregions CFs\data\crops\spam2020V2r0_global_yield\spam2020_V2r0_global_Y_SOYB_R.tif",.tif,SOYB,Soybean,R,Rainfed
spam2020_V2r0_global_Y_SUGB_A.tif,"C:\Users\loyola\OneDrive - World Wildlife Fund, Inc\Documents\203. Python projects\Ecoregions CFs\data\crops\spam2020V2r0_global_yield\spam2020_V2r0_global_Y_SUGB_A.tif",.tif,SUGB,Sugarbeet,A,All
spam2020_V2r0_global_Y_SUGB_I.tif,"C:\Users\loyola\OneDrive - World Wildlife Fund, Inc\Documents\203. Python projects\Ecoregions CFs\data\crops\spam2020V2r0_global_yield\spam2020_V2r0_global_Y_SUGB_I.tif",.tif,SUGB,Sugarbeet,I,Irrigated
spam2020_V2r0_global_Y_SUGB_R.tif,"C:\Users\loyola\OneDrive - World Wildlife Fund, Inc\Documents\203. Python projects\Ecoregions CFs\data\crops\spam2020V2r0_global_yield\spam2020_V2r0_global_Y_SUGB_R.tif",.tif,SUGB,Sugarbeet,R,Rainfed
spam2020_V2r0_global_Y_SUGC_A.tif,"C:\Users\loyola\OneDrive - World Wildlife Fund, Inc\Documents\203. Python projects\Ecoregions CFs\data\crops\spam2020V2r0_global_yield\spam2020_V2r0_global_Y_SUGC_A.tif",.tif,SUGC,Sugarcane,A,All
spam2020_V2r0_global_Y_SUGC_I.tif,"C:\Users\loyola\OneDrive - World Wildlife Fund, Inc\Documents\203. Python projects\Ecoregions CFs\data\crops\spam2020V2r0_global_yield\spam2020_V2r0_global_Y_SUGC_I.tif",.tif,SUGC,Sugarcane,I,Irrigated
spam2020_V2r0_global_Y_SUGC_R.tif,"C:\Users\loyola\OneDrive - World Wildlife Fund, Inc\Documents\203. Python projects\Ecoregions CFs\data\crops\spam2020V2r0_global_yield\spam2020_V2r0_global_Y_SUGC_R.tif",.tif,SUGC,Sugarcane,R,Rainfed
spam2020_V2r0_global_Y_SUNF_A.tif,"C:\Users\loyola\OneDrive - World Wildlife Fund, Inc\Documents\203. Python projects\Ecoregions CFs\data\crops\spam2020V2r0_global_yield\spam2020_V2r0_global_Y_SUNF_A.tif",.tif,SUNF,Sunflower,A,All
spam2020_V2r0_global_Y_SUNF_I.tif,"C:\Users\loyola\OneDrive - World Wildlife Fund, Inc\Documents\203. Python projects\Ecoregions CFs\data\crops\spam2020V2r0_global_yield\spam2020_V2r0_global_Y_SUNF_I.tif",.tif,SUNF,Sunflower,I,Irrigated
spam2020_V2r0_global_Y_SUNF_R.tif,"C:\Users\loyola\OneDrive - World Wildlife Fund, Inc\Documents\203. Python projects\Ecoregions CFs\data\crops\spam2020V2r0_global_yield\spam2020_V2r0_global_Y_SUNF_R.tif",.tif,SUNF,Sunflower,R,Rainfed
spam2020_V2r0_global_Y_SWPO_A.tif,"C:\Users\loyola\OneDrive - World Wildlife Fund, Inc\Documents\203. Python projects\Ecoregions CFs\data\crops\spam2020V2r0_global_yield\spam2020_V2r0_global_Y_SWPO_A.tif",.tif,SWPO,Sweet Potato,A,All
spam2020_V2r0_global_Y_SWPO_I.tif,"C:\Users\loyola\OneDrive - World Wildlife Fund, Inc\Documents\203. Python projects\Ecoregions CFs\data\crops\spam2020V2r0_global_yield\spam2020_V2r0_global_Y_SWPO_I.tif",.tif,SWPO,Sweet Potato,I,Irrigated
spam2020_V2r0_global_Y_SWPO_R.tif,"C:\Users\loyola\OneDrive - World Wildlife Fund, Inc\Documents\203. Python projects\Ecoregions CFs\data\crops\spam2020V2r0_global_yield\spam2020_V2r0_global_Y_SWPO_R.tif",.tif,SWPO,Sweet Potato,R,Rainfed
spam2020_V2r0_global_Y_TEAS_A.tif,"C:\Users\loyola\OneDrive - World Wildlife Fund, Inc\Documents\203. Python projects\Ecoregions CFs\data\crops\spam2020V2r0_global_yield\spam2020_V2r0_global_Y_TEAS_A.tif",.tif,TEAS,Tea,A,All
spam2020_V2r0_global_Y_TEAS_I.tif,"C:\Users\loyola\OneDrive - World Wildlife Fund, Inc\Documents\203. Python projects\Ecoregions CFs\data\crops\spam2020V2r0_global_yield\spam2020_V2r0_global_Y_TEAS_I.tif",.tif,TEAS,Tea,I,Irrigated
spam2020_V2r0_global_Y_TEAS_R.tif,"C:\Users\loyola\OneDrive - World Wildlife Fund, Inc\Documents\203. Python projects\Ecoregions CFs\data\crops\spam2020V2r0_global_yield\spam2020_V2r0_global_Y_TEAS_R.tif",.tif,TEAS,Tea,R,Rainfed
spam2020_V2r0_global_Y_TEMF_A.tif,"C:\Users\loyola\OneDrive - World Wildlife Fund, Inc\Documents\203. Python projects\Ecoregions CFs\data\crops\spam2020V2r0_global_yield\spam2020_V2r0_global_Y_TEMF_A.tif",.tif,TEMF,Temperate Fruit,A,All
spam2020_V2r0_global_Y_TEMF_I.tif,"C:\Users\loyola\OneDrive - World Wildlife Fund, Inc\Documents\203. Python projects\Ecoregions CFs\data\crops\spam2020V2r0_global_yield\spam2020_V2r0_global_Y_TEMF_I.tif",.tif,TEMF,Temperate Fruit,I,Irrigated
spam2020_V2r0_global_Y_TEMF_R.tif,"C:\Users\loyola\OneDrive - World Wildlife Fund, Inc\Documents\203. Python projects\Ecoregions CFs\data\crops\spam2020V2r0_global_yield\spam2020_V2r0_global_Y_TEMF_R.tif",.tif,TEMF,Temperate Fruit,R,Rainfed
spam2020_V2r0_global_Y_TOBA_A.tif,"C:\Users\loyola\OneDrive - World Wildlife Fund, Inc\Documents\203. Python projects\Ecoregions CFs\data\crops\spam2020V2r0_global_yield\spam2020_V2r0_global_Y_TOBA_A.tif",.tif,TOBA,Tobacco,A,All
spam2020_V2r0_global_Y_TOBA_I.tif,"C:\Users\loyola\OneDrive - World Wildlife Fund, Inc\Documents\203. Python projects\Ecoregions CFs\data\crops\spam2020V2r0_global_yield\spam2020_V2r0_global_Y_TOBA_I.tif",.tif,TOBA,Tobacco,I,Irrigated
spam2020_V2r0_global_Y_TOBA_R.tif,"C:\Users\loyola\OneDrive - World Wildlife Fund, Inc\Documents\203. Python projects\Ecoregions CFs\data\crops\spam2020V2r0_global_yield\spam2020_V2r0_global_Y_TOBA_R.tif",.tif,TOBA,Tobacco,R,Rainfed
spam2020_V2r0_global_Y_TOMA_A.tif,"C:\Users\loyola\OneDrive - World Wildlife Fund, Inc\Documents\203. Python projects\Ecoregions CFs\data\crops\spam2020V2r0_global_yield\spam2020_V2r0_global_Y_TOMA_A.tif",.tif,TOMA,Tomato,A,All
spam2020_V2r0_global_Y_TOMA_I.tif,"C:\Users\loyola\OneDrive - World Wildlife Fund, Inc\Documents\203. Python projects\Ecoregions CFs\data\crops\spam2020V2r0_global_yield\spam2020_V2r0_global_Y_TOMA_I.tif",.tif,TOMA,Tomato,I,Irrigated
spam2020_V2r0_global_Y_TOMA_R.tif,"C:\Users\loyola\OneDrive - World Wildlife Fund, Inc\Documents\203. Python projects\Ecoregions CFs\data\crops\spam2020V2r0_global_yield\spam2020_V2r0_global_Y_TOMA_R.tif",.tif,TOMA,Tomato,R,Rainfed
spam2020_V2r0_global_Y_TROF_A.tif,"C:\Users\loyola\OneDrive - World Wildlife Fund, Inc\Documents\203. Python projects\Ecoregions CFs\data\crops\spam2020V2r0_global_yield\spam2020_V2r0_global_Y_TROF_A.tif",.tif,TROF,Other Tropical Fruit,A,All
spam2020_V2r0_global_Y_TROF_I.tif,"C:\Users\loyola\OneDrive - World Wildlife Fund, Inc\Documents\203. Python projects\Ecoregions CFs\data\crops\spam2020V2r0_global_yield\spam2020_V2r0_global_Y_TROF_I.tif",.tif,TROF,Other Tropical Fruit,I,Irrigated
spam2020_V2r0_global_Y_TROF_R.tif,"C:\Users\loyola\OneDrive - World Wildlife Fund, Inc\Documents\203. Python projects\Ecoregions CFs\data\crops\spam2020V2r0_global_yield\spam2020_V2r0_global_Y_TROF_R.tif",.tif,TROF,Other Tropical Fruit,R,Rainfed
spam2020_V2r0_global_Y_VEGE_A.tif,"C:\Users\loyola\OneDrive - World Wildlife Fund, Inc\Documents\203. Python projects\Ecoregions CFs\data\crops\spam2020V2r0_global_yield\spam2020_V2r0_global_Y_VEGE_A.tif",.tif,VEGE,Other Vegetables,A,All
spam2020_V2r0_global_Y_VEGE_I.tif,"C:\Users\loyola\OneDrive - World Wildlife Fund, Inc\Documents\203. Python projects\Ecoregions CFs\data\crops\spam2020V2r0_global_yield\spam2020_V2r0_global_Y_VEGE_I.tif",.tif,VEGE,Other Vegetables,I,Irrigated
spam2020_V2r0_global_Y_VEGE_R.tif,"C:\Users\loyola\OneDrive - World Wildlife Fund, Inc\Documents\203. Python projects\Ecoregions CFs\data\crops\spam2020V2r0_global_yield\spam2020_V2r0_global_Y_VEGE_R.tif",.tif,VEGE,Other Vegetables,R,Rainfed
spam2020_V2r0_global_Y_WHEA_A.tif,"C:\Users\loyola\OneDrive - World Wildlife Fund, Inc\Documents\203. Python projects\Ecoregions CFs\data\crops\spam2020V2r0_global_yield\spam2020_V2r0_global_Y_WHEA_A.tif",.tif,WHEA,Wheat,A,All
spam2020_V2r0_global_Y_WHEA_I.tif,"C:\Users\loyola\OneDrive - World Wildlife Fund, Inc\Documents\203. Python projects\Ecoregions CFs\data\crops\spam2020V2r0_global_yield\spam2020_V2r0_global_Y_WHEA_I.tif",.tif,WHEA,Wheat,I,Irrigated
spam2020_V2r0_global_Y_WHEA_R.tif,"C:\Users\loyola\OneDrive - World Wildlife Fund, Inc\Documents\203. Python projects\Ecoregions CFs\data\crops\spam2020V2r0_global_yield\spam2020_V2r0_global_Y_WHEA_R.tif",.tif,WHEA,Wheat,R,Rainfed
spam2020_V2r0_global_Y_YAMS_A.tif,"C:\Users\loyola\OneDrive - World Wildlife Fund, Inc\Documents\203. Python projects\Ecoregions CFs\data\crops\spam2020V2r0_global_yield\spam2020_V2r0_global_Y_YAMS_A.tif",.tif,YAMS,Yams,A,All
spam2020_V2r0_global_Y_YAMS_I.tif,"C:\Users\loyola\OneDrive - World Wildlife Fund, Inc\Documents\203. Python projects\Ecoregions CFs\data\crops\spam2020V2r0_global_yield\spam2020_V2r0_global_Y_YAMS_I.tif",.tif,YAMS,Yams,I,Irrigated
spam2020_V2r0_global_Y_YAMS_R.tif,"C:\Users\loyola\OneDrive - World Wildlife Fund, Inc\Documents\203. Python projects\Ecoregions CFs\data\crops\spam2020V2r0_global_yield\spam2020_V2r0_global_Y_YAMS_R.tif",.tif,YAMS,Yams,R,Rainfed
